{"checkpoint_times": [3.111992120742798], "goodput_values": [98.20717131474103], "missing_packet_counts": [14], "received_packet_counts": [986], "total_received": 986, "total_missing": 14, "final_goodput": 98.20717131474103}